<?xml version="1.0" encoding="UTF-8"?>
<RoadRunnerMetadata Version="3">
    <SignalConfigurations/>
    <Signalization>
        <Junction>
            <ID>{98289b13-87e9-4c51-add5-f7ab243c493e}</ID>
        </Junction>
        <Junction>
            <ID>{49116604-d867-4eda-9e79-dda4de50c806}</ID>
        </Junction>
        <Junction>
            <ID>{072bf080-bff2-4d8a-a6a0-d9ca0f7b5e64}</ID>
        </Junction>
        <Junction>
            <ID>{2b9f6a2b-c5e3-411a-8c70-ba003a85d78a}</ID>
        </Junction>
    </Signalization>
    <MaterialList>
        <Material>
            <Name>Asphalt1_Road</Name>
            <DiffuseMap>Asphalt1_Diff.png</DiffuseMap>
            <NormalMap>Asphalt1_Norm.png</NormalMap>
            <SpecularMap>Asphalt1_Spec.png</SpecularMap>
            <AmbientColor>1.000000,1.000000,1.000000</AmbientColor>
            <DiffuseColor>1.000000,1.000000,1.000000</DiffuseColor>
            <SpecularColor>0.058824,0.058824,0.058824</SpecularColor>
            <Roughness>0.150000</Roughness>
            <SpecularFactor>1.000000</SpecularFactor>
            <TransparencyFactor>0.000000</TransparencyFactor>
            <Emission>0.000000</Emission>
            <TextureScaleU>0.35</TextureScaleU>
            <TextureScaleV>0.35</TextureScaleV>
            <TwoSided>false</TwoSided>
            <DrawQueue>0</DrawQueue>
            <ShadowCaster>true</ShadowCaster>
            <IsDecal>false</IsDecal>
            <SegmentationType>Road</SegmentationType>
        </Material>
        <Material>
            <Name>Concrete1_Marking</Name>
            <DiffuseMap>Concrete1_Diff.png</DiffuseMap>
            <NormalMap>Concrete1_Norm.png</NormalMap>
            <SpecularMap>Concrete1_Spec.png</SpecularMap>
            <AmbientColor>1.000000,1.000000,1.000000</AmbientColor>
            <DiffuseColor>1.000000,1.000000,1.000000</DiffuseColor>
            <SpecularColor>0.039216,0.039216,0.039216</SpecularColor>
            <Roughness>0.200000</Roughness>
            <SpecularFactor>0.010000</SpecularFactor>
            <TransparencyFactor>0.000000</TransparencyFactor>
            <Emission>0.000000</Emission>
            <TextureScaleU>0.5</TextureScaleU>
            <TextureScaleV>0.5</TextureScaleV>
            <TwoSided>false</TwoSided>
            <DrawQueue>0</DrawQueue>
            <ShadowCaster>true</ShadowCaster>
            <IsDecal>false</IsDecal>
            <SegmentationType>Marking</SegmentationType>
        </Material>
        <Material>
            <Name>Grass1_Ground</Name>
            <DiffuseMap>Grass1_Diff.png</DiffuseMap>
            <NormalMap>Grass1_Norm.png</NormalMap>
            <SpecularMap>Grass1_Spec.png</SpecularMap>
            <AmbientColor>1.000000,1.000000,1.000000</AmbientColor>
            <DiffuseColor>1.000000,1.000000,1.000000</DiffuseColor>
            <SpecularColor>0.039216,0.039216,0.039216</SpecularColor>
            <Roughness>0.200000</Roughness>
            <SpecularFactor>0.010000</SpecularFactor>
            <TransparencyFactor>0.000000</TransparencyFactor>
            <Emission>0.000000</Emission>
            <TextureScaleU>0.5</TextureScaleU>
            <TextureScaleV>0.5</TextureScaleV>
            <TwoSided>false</TwoSided>
            <DrawQueue>0</DrawQueue>
            <ShadowCaster>true</ShadowCaster>
            <IsDecal>false</IsDecal>
            <SegmentationType>Ground</SegmentationType>
        </Material>
        <Material>
            <Name>LaneMarking1_Marking</Name>
            <DiffuseMap>LaneMarking1_Diff.png</DiffuseMap>
            <NormalMap>LaneMarking1_Norm.png</NormalMap>
            <SpecularMap>LaneMarking1_Spec.png</SpecularMap>
            <AmbientColor>1.000000,1.000000,1.000000</AmbientColor>
            <DiffuseColor>1.000000,1.000000,1.000000</DiffuseColor>
            <SpecularColor>0.196078,0.196078,0.196078</SpecularColor>
            <Roughness>0.100000</Roughness>
            <SpecularFactor>1.000000</SpecularFactor>
            <TransparencyFactor>0.000000</TransparencyFactor>
            <Emission>0.000000</Emission>
            <TextureScaleU>0.25</TextureScaleU>
            <TextureScaleV>0.25</TextureScaleV>
            <TwoSided>false</TwoSided>
            <DrawQueue>0</DrawQueue>
            <ShadowCaster>true</ShadowCaster>
            <IsDecal>false</IsDecal>
            <SegmentationType>Marking</SegmentationType>
        </Material>
    </MaterialList>
</RoadRunnerMetadata>
